"Tên","Thuộc cột","Thuộc hàng","Thời gian xét"
"DUNOCK(111)","AG","83",""
"111","","",""
"111","","",""
"DUNOCK(112)","AG","84",""
"112","","",""
"DUNOCK_ChitietTheoTKvaDoituong(131)","AG","127",""
"DUCOCK_ChitietTheoTK(3381)","AG","446",""
"DUCOCK_ChitietTheoTK(3382)","AG","447",""
"DUCOCK_ChitietTheoTK(3383)","AG","448",""
"DUCOCK_ChitietTheoTK(3384)","AG","449",""
"DUCOCK_ChitietTheoTK(3386)","AG","450",""
"DUCODK_ChitietTheoTK(3386)","AV","450",""
"DUCODK_ChitietTheoTK(3384)","AV","449",""
"DUCODK_ChitietTheoTK(3383)","AV","448",""
"DUCODK_ChitietTheoTK(3382)","AV","447",""
"DUCODK_ChitietTheoTK(3381)","AV","446",""
"DUNODK(111)","AV","83",""
"DUNODK(112)","AV","84",""
"DUNODK_ChitietTheoTKvaDoituong(131)","AV","127",""
"DUCOCK_ChitietTheoTK(3385)","AG","451",""
"DUCODK_ChitietTheoTK(3385)","AV","451",""
"DUCOCK_ChitietTheoTK(344)","AG","452",""
"DUCODK_ChitietTheoTK(344)","AV","452",""
"DUCOCK_ChitietTheoTK(3388) + DUCOCK_ChitietTheoTK(138)","AG","454",""
"DUCODK_ChitietTheoTK(3388) + DUCODK_ChitietTheoTK(138)","AV","454",""
"DUCOCK(3387) - DUNOCK(3387)","AG","467",""
"DUCODK(3387) - DUNODK(3387)","AV","467",""
"DUCOCK(3521)","AG","531",""
"DUCODK(3521)","AV","531",""
"DUCOCK(3522)","AG","532",""
"DUCODK(3522)","AV","532",""
"DUCOCK(3523)","AG","533",""
"DUCODK(3523)","AV","533",""
"DUCOCK(3524)","AV","534",""
"DUCODK(3524)","AV","534",""
"PhatsinhCO(5111) + PhatsinhCO(5112) - PhatsinhDU(911/5111) - PhatsinhDU(911/5112) - PhatsinhNO(5111) - PhatsinhNO(5112) + PhatsinhDU(5111/911) + PhatsinhDU(5112/911) + PhatsinhDU(5111/521) + PhatsinhDU(5112/521)","AG","671",""
"PhatsinhCO_NamTruoc(5111) + PhatsinhCO_NamTruoc(5112) - PhatsinhDU_NamTruoc(911/5111) - PhatsinhDU_NamTruoc(911/5112) - PhatsinhNO_NamTruoc(5111) - PhatsinhNO_NamTruoc(5112) + PhatsinhDU_NamTruoc(5111/911) + PhatsinhDU_NamTruoc(5112/911) + PhatsinhDU_NamTruoc(5111/521) + PhatsinhDU_NamTruoc(5112/521)","AV","671",""
"PhatsinhCO(5113) - PhatsinhDU(911/5113) - PhatsinhNO(5113) + PhatsinhDU(5113/911) + PhatsinhDU(5113/521)","AG","672",""
"PhatsinhCO_NamTruoc(5113) - PhatsinhDU_NamTruoc(911/5113) - PhatsinhNO_NamTruoc(5113) + PhatsinhDU_NamTruoc(5113/911) + PhatsinhDU_NamTruoc(5113/521)","AV","672",""
"PhatsinhDU(511/5211)","AG","684",""
"PhatsinhDU_NamTruoc(511/5211)","AV","684",""
"PhatsinhDU(511/5213)","AG","685",""
"PhatsinhDU_NamTruoc(511/5213)","AV","685",""
"PhatsinhDU(511/5212)","AG","686",""
"PhatsinhDU_NamTruoc(511/5212)","AV","686",""
"PhatsinhDU(911/632) - PhatsinhDU(632/911) - PhatsinhDU(632/2294)","AG","692",""
"PhatsinhDU_NamTruoc(911/632) - PhatsinhDU_NamTruoc(632/911) - PhatsinhDU_NamTruoc(632/2294)","AV","692",""
"PhatsinhDU(911/632) - PhatsinhDU(632/911) - PhatsinhDU(632/2294)","AG","703",""
"PhatsinhDU_NamTruoc(911/632) - PhatsinhDU_NamTruoc(632/911) - PhatsinhDU_NamTruoc(632/2294)","AV","703",""
"PhatsinhDU(632/2294)","AG","703",""
"PhatsinhDU_NamTruoc(632/2294)","AV","703",""
"PhatsinhDU(515/911) - PhatsinhDU(911/515)","AG","715",""
"PhatsinhDU_NamTruoc(515/911) - PhatsinhDU_NamTruoc(911/515)","AV","715",""
"PhatsinhDU(911/635) - PhatsinhDU(635/911)","AG","727",""
"PhatsinhDU_NamTruoc(911/635) - PhatsinhDU_NamTruoc(635/911)","AV","727",""
"PhatsinhDU(711/911) - PhatsinhDU(911/711)","AG","738",""
"PhatsinhDU_NamTruoc(711/911) - PhatsinhDU_NamTruoc(911/711)","AV","738",""
"PhatsinhDU(911/811) - PhatsinhDU(811/911)","AG","747",""
"PhatsinhDU_NamTruoc(911/811) - PhatsinhDU_NamTruoc(811/911)","AV","747",""
"[VII.8.a.1] + [VII.8.a.2]","AG","753",""
"[VII.8.a.1] + [VII.8.a.2]","AV","753",""
"PhatsinhNO(642) - PhatsinhDU(642/911)","AG","755",""
"PhatsinhNO_NamTruoc(642) - PhatsinhDU_NamTruoc(642/911)","AV","755",""
"[VII.8.b.1] + [VII.8.b.2]","AG","756",""
"PhatsinhNO(641) - PhatsinhDU(641/911)","AG","755",""
"PhatsinhNO_NamTruoc(641) - PhatsinhDU_NamTruoc(641/911)","AV","755",""
"[VII.8.c.1] + [VII.8.c.2] + [VII.8.c.3]","AG","759",""
"[VII.8.c.1] + [VII.8.c.2] + [VII.8.c.3]","AV","759",""
"PhatsinhDU(3521/6415)","AG","760",""
"PhatsinhDU_NamTruoc(3521/6415)","AV","760",""
"PhatsinhDU(3523/6426) + PhatsinhDU(3524/6426)","AG","761",""
"PhatsinhDU_NamTruoc(3523/6426) + PhatsinhDU_NamTruoc(3524/6426)","AV","671",""
"PhatsinhCO(641) + PhatsinhCO(642) - PhatsinhDU(3521/6415) - PhatsinhDU(3523/6426) - PhatsinhDU(3524/6426) - PhatsinhDU(911/641) - PhatsinhDU(911/642)","AG","762",""
"PhatsinhCO_NamTruoc(641) + PhatsinhCO_NamTruoc(642) - PhatsinhDU_NamTruoc(3521/6415) - PhatsinhDU_NamTruoc(3523/6426) - PhatsinhDU_NamTruoc(3524/6426) - PhatsinhDU_NamTruoc(911/641) - PhatsinhDU_NamTruoc(911/642)","AV","762",""
"PhatsinhDU(154/621) + PhatsinhDU(154/6272) + PhatsinhDU(154/6273) + PhatsinhDU(911/6412) + PhatsinhDU(911/6413) + PhatsinhDU(911/6422) + PhatsinhDU(911/6423)","AV","763",""
"PhatsinhDU(154/621) + PhatsinhDU(154/6272) + PhatsinhDU(154/6273) + PhatsinhDU(911/6412) + PhatsinhDU(911/6413) + PhatsinhDU(911/6422) + PhatsinhDU(911/6423)","AG","767",""
"PhatsinhDU_NamTruoc(154/621) + PhatsinhDU_NamTruoc(154/6272) + PhatsinhDU_NamTruoc(154/6273) + PhatsinhDU_NamTruoc(911/6412) + PhatsinhDU_NamTruoc(911/6413) + PhatsinhDU_NamTruoc(911/6422) + PhatsinhDU_NamTruoc(911/6423)","AV","767",""
"PhatsinhDU(154/622) + PhatsinhDU(154/6271) + PhatsinhDU(911/6421) + PhatsinhDU(911/6411)","AG","768",""
"PhatsinhDU_NamTruoc(154/622) + PhatsinhDU_NamTruoc(154/6271) + PhatsinhDU_NamTruoc(911/6421) + PhatsinhDU_NamTruoc(911/6411)","AV","768",""
"PhatsinhDU(154/6274) + PhatsinhDU(911/6424) + PhatsinhDU(911/6414)","AG","769",""
"PhatsinhDU_NamTruoc(154/6274) + PhatsinhDU_NamTruoc(911/6424) + PhatsinhDU_NamTruoc(911/6414)","AV","769",""
"PhatsinhDU(154/6277) + PhatsinhDU(911/6427) + PhatsinhDU(911/6417)","AG","770",""
"PhatsinhDU_NamTruoc(154/6277) + PhatsinhDU_NamTruoc(911/6427) + PhatsinhDU_NamTruoc(911/6417)","AV","770",""
"PhatsinhDU(154/6278) + PhatsinhDU(911/6428) + PhatsinhDU(911/6418)","AG","771",""
"PhatsinhDU_NamTruoc(154/6278) + PhatsinhDU_NamTruoc(911/6428) + PhatsinhDU_NamTruoc(911/6418)","AV","771",""
"PhatsinhDU(911/8211) - PhatsinhDU(8211/911)","AG","773",""
"PhatsinhDU_NamTruoc(911/8211) - PhatsinhDU_NamTruoc(8211/911)","AV","773",""
"PhatsinhDU(911/8211) - PhatsinhDU(8211/911)","AG","779",""
"PhatsinhDU_NamTruoc(911/8211) - PhatsinhDU_NamTruoc(8211/911)","AV","779",""
"PhatsinhDU(911/8212) - PhatsinhDU(8212/911)","AG","789",""
"PhatsinhDU_NamTruoc(911/8212) - PhatsinhDU_NamTruoc(8212/911)","AV","789",""
"DUNOCK(1281)","Q","106","Cuối kì"
"DUNODK(1281)","AM","106","Đầu kì"
"DUNOCK(1282)","Q","107","Cuối kì"
"DUNODK(1282)","AM","107","Đầu kì"
"DUNOCK(1283) + DUNOCK(1288)","Q","108","Cuối kì"
"DUNODK(1283) + DUNODK(1288)","AM","108","Đầu kì"
"DUNOCK(221)","F","117","Cuối kì"
"DUNODK(221)","AF","117","Đầu kì"
"DUNOCK(222)","F","118","Cuối kì"
"DUNODK(222)","AF","118","Đầu kì"
"DUNOCK(228)","F","119","Cuối kì"
"DUNODK(228)","AF","119","Đầu kì"
"DUCOCK(2292)","N","119","Cuối kì"
"DUNOCK_ChitietTheoTK(1385)","O","138","Cuối kì"
"DUNODK_ChitietTheoTK(1385)","AL","138","Đầu kì"
"DUNOCK_ChitietTheoTK(334)","O","140","Cuối kì"
"DUNODK_ChitietTheoTK(334)","AL","140","Đầu kì"
"DUNOCK_ChitietTheoTK(244)","O","141","Cuối kì"
"DUNODK_ChitietTheoTK(244)","AL","141","Cuối kì"
"DUNOCK_ChitietTheoTK(1388) + DUNOCK_ChitietTheoTK(338) + DUNOCK_ChitietTheoTK(141)","O","144","Cuối kì"
"DUNODK_ChitietTheoTK(1388) + DUNODK_ChitietTheoTK(338) + DUNODK_ChitietTheoTK(141)","AL","144","Cuối kì"
"DUNOCK(151)","O","179","Cuối kì"
"DUNODK(151)","AL","179","Đầu kì"
"DUNOCK(152)","O","180","Cuối kì"
"DUNODK(152)","AL","180","Đầu kì"
"DUNOCK(153)","O","181",""
"DUNODK(153)","AL","181",""
"DUNOCK(154)","O","182",""
"DUNODK(154)","AL","182",""
"DUNOCK(155)","O","183",""
"DUNODK(155)","AL","183",""
"DUNOCK(156) - DUNOCK(1567)","O","184",""
"DUNODK(156) - DUNODK(1567)","AL","184",""
"DUNOCK(157)","O","185",""
"DUNODK(157)","AL","185",""
"DUNOCK(158)","O","186",""
"DUNODK(158)","AL","186",""
"DUNOCK(1567)","O","187",""
"DUNODK(1567)","AL","187",""
"DUNODK(2131)","E","244",""
"DUNODK(2132)","I","244",""
"DUNODK(2133)","R","244",""
"DUNODK(2134)","Y","244",""
"DUNODK(2135)","AD","244",""
"DUNODK(2136)","AM","244",""
"DUNODK(213)","BD","244",""
"PhatsinhDU(2131/11) + PhatsinhDU(2131/331) + PhatsinhDU(2131/341)","E","245",""
"PhatsinhDU(2132/11) + PhatsinhDU(2132/331) + PhatsinhDU(2132/341)","E","245",""
"PhatsinhDU(2132/11) + PhatsinhDU(2132/331) + PhatsinhDU(2132/341)","I","245",""
"PhatsinhDU(2133/11) + PhatsinhDU(2133/331) + PhatsinhDU(2133/341)","R","245",""
"PhatsinhDU(2134/11) + PhatsinhDU(2134/331) + PhatsinhDU(2134/341)","Y","245",""
"PhatsinhDU(2135/11) + PhatsinhDU(2135/331) + PhatsinhDU(2135/341)","AD","245",""
"PhatsinhDU(2136/11) + PhatsinhDU(2136/331) + PhatsinhDU(2136/341)","AM","245",""
"PhatsinhDU(213/11) + PhatsinhDU(213/331) + PhatsinhDU(213/341)","BD","245",""
"PhatsinhDU(2131/241) + PhatsinhDU(2131/136)","E","246",""
"PhatsinhDU(2132/241) + PhatsinhDU(2132/136)","I","246",""
"PhatsinhDU(2133/241) + PhatsinhDU(2133/136)","R","246",""
"PhatsinhDU(2134/241) + PhatsinhDU(2134/136)","Y","246",""
"PhatsinhDU(2135/241) + PhatsinhDU(2135/136)","AD","246",""
"PhatsinhDU(2136/241) + PhatsinhDU(2136/136)","AM","246",""
"PhatsinhDU(213/241) + PhatsinhDU(213/136)","BD","246",""
"PhatsinhDU(2131/711) + PhatsinhDU(2131/411)","E","248",""
"PhatsinhDU(2132/711) + PhatsinhDU(2132/411)","I","248",""
"PhatsinhDU(2133/711) + PhatsinhDU(2133/411)","R","248",""
"PhatsinhDU(2134/711) + PhatsinhDU(2134/411)","Y","248",""
"PhatsinhDU(2135/711) + PhatsinhDU(2135/411)","AD","248",""
"PhatsinhDU(2136/711) + PhatsinhDU(2136/411)","AM","248",""
"PhatsinhDU(213/711) + PhatsinhDU(213/411)","BD","248",""
" - PhatsinhDU(811/2131) - PhatsinhDU(2143/2131)","E","249",""
" - PhatsinhDU(811/2132) - PhatsinhDU(2143/2132)","I","249",""
" - PhatsinhDU(811/2133) - PhatsinhDU(2143/2133)","R","249",""
"'- PhatsinhDU(811/2134) - PhatsinhDU(2143/2134)","Y","249",""
"'- PhatsinhDU(811/2135) - PhatsinhDU(2143/2135)","AD","249",""
" - PhatsinhDU(811/2136) - PhatsinhDU(2143/2136)","AM","249",""
"'- PhatsinhDU(811/213) - PhatsinhDU(2143/213)","BD","249",""
"DUNOCK(2131)","E","251",""
"DUNOCK(2132)","I","251",""
"DUNOCK(2133)","R","251",""
"DUNOCK(2134)","Y","251",""
"DUNOCK(2135)","AD","251",""
"DUNOCK(2136)","AM","251",""
"DUNOCK(213)","BD","251",""
"DUNODK(2111)","G","213",""
"DUNODK(2112)","L","213",""
"DUNODK(2113)","T","213",""
"DUNODK(2114)","AC","213",""
"DUNODK(2115)","AK","213",""
"DUNODK(2118)","AS","213",""
"DUNODK(211)","BC","213",""
"PhatsinhDU(2111/11) + PhatsinhDU(2111/331) + PhatsinhDU(2111/341) + PhatsinhDU(2111/136)","G","214",""
"PhatsinhDU(2112/11) + PhatsinhDU(2112/331) + PhatsinhDU(2112/341) + PhatsinhDU(2112/136)","L","214",""
"PhatsinhDU(2113/11) + PhatsinhDU(2113/331) + PhatsinhDU(2113/341) + PhatsinhDU(2113/136)","T","214",""
"PhatsinhDU(2114/11) + PhatsinhDU(2114/331) + PhatsinhDU(2114/341) + PhatsinhDU(2114/136)","AC","214",""
"PhatsinhDU(2115/11) + PhatsinhDU(2115/331) + PhatsinhDU(2115/341) + PhatsinhDU(2115/136)","AK","214",""
"PhatsinhDU(2118/11) + PhatsinhDU(2118/331) + PhatsinhDU(2118/341) + PhatsinhDU(2118/136)","AS","214",""
"PhatsinhDU(211/11) + PhatsinhDU(211/331) + PhatsinhDU(211/341) + PhatsinhDU(211/136)","BC","214",""
"PhatsinhDU(2111/241)","G","125",""
"PhatsinhDU(2112/241)","L","215",""
"PhatsinhDU(2113/241)","T","215",""
"PhatsinhDU(2114/241)","AC","215",""
"PhatsinhDU(2115/241)","AK","215",""
"PhatsinhDU(2118/241)","AS","215",""
"PhatsinhDU(211/241)","BC","215",""
"PhatsinhDU(2111/711) + PhatsinhDU(2111/411)","G","216",""
"PhatsinhDU(2112/711) + PhatsinhDU(2112/411)","L","216",""
"PhatsinhDU(2113/711) + PhatsinhDU(2113/411)","T","216",""
"PhatsinhDU(2114/711) + PhatsinhDU(2114/411)","AC","216",""
"PhatsinhDU(2115/711) + PhatsinhDU(2115/411)","AK","216",""
"PhatsinhDU(2118/711) + PhatsinhDU(2118/411)","AS","216",""
"PhatsinhDU(211/711) + PhatsinhDU(211/411)","BC","216",""
" - PhatsinhDU(811/2111) - PhatsinhDU(2141/2111)","G","217",""
" - PhatsinhDU(811/2112) - PhatsinhDU(2141/2112)","L","217",""
"'- PhatsinhDU(811/2113) - PhatsinhDU(2141/2113)","T","217",""
" - PhatsinhDU(811/2114) - PhatsinhDU(2141/2114)","AC","217",""
"PhatsinhDU(811/2115) - PhatsinhDU(2141/2115)","AK","217",""
"PhatsinhDU(811/2118) - PhatsinhDU(2141/2118)","AS","217",""
" - PhatsinhDU(811/211) - PhatsinhDU(2141/211)","BC","217",""
"PhatsinhDU(811/2111) - PhatsinhDU(2141/2111)","L","218",""
" - PhatsinhDU(811/2112) - PhatsinhDU(2141/2112)","L","218",""
" - PhatsinhDU(811/2113) - PhatsinhDU(2141/2113)","T","218",""
"PhatsinhDU(811/2114) - PhatsinhDU(2141/2114)","AC","218",""
"'- PhatsinhDU(811/2115) - PhatsinhDU(2141/2115)","AK","218",""
" - PhatsinhDU(811/2118) - PhatsinhDU(2141/2118)","AS","218",""
" - PhatsinhDU(811/211) - PhatsinhDU(2141/211)","BC","218",""
"DUNOCK(2111)","G","220",""
"DUNOCK(2112)","L","220",""
"DUNOCK(2113)","T","220",""
"DUNOCK(2114)","AC","220",""
"DUNOCK(2115)","AK","220",""
"DUNOCK(2118)","AS","220",""
"DUNOCK(211)","BC","220",""
" - PhatsinhDU(2141/2111)","G","226",""
" - PhatsinhDU(2141/2112)","L","226",""
" - PhatsinhDU(2141/2113)","T","226",""
" - PhatsinhDU(2141/2115)","AK","226",""
" - PhatsinhDU(2141/2114)","AC","226",""
" - PhatsinhDU(2141/2118)","AS","226",""
" - PhatsinhDU(2141/211) - HaomonPSThanhlyNB_TSCD_loai16()","BC","226",""
" - PhatsinhNO(2141) + PhatsinhDU(2141/211) + PhatsinhDU(2141/2147) - HaomonPSdanhgiagiam_TSCD_loai16()","BC","227",""
"DUCOCK(2141) + HaomonluykeCK_TSCD_loai16()","BC","228",""
"DUNODK(211) - DUCODK(2141)","BC","230",""
"DUNOCK(211) - DUCOCK(2141)","BC","231",""
" - PhatsinhDU(2143/2131)","E","256",""
" - PhatsinhDU(2143/2132)","I","256",""
" - PhatsinhDU(2143/2133)","R","256",""
" - PhatsinhDU(2143/2134)","Y","256",""
" - PhatsinhDU(2143/2135)","AD","256",""
" - PhatsinhDU(2143/2136)","AM","256",""
" - PhatsinhDU(2143/2138)","AT","256",""
" - PhatsinhDU(2143/213)","BD","256",""
"DUCOCK(2143)","BD","258",""
"DUNODK(213) - DUCODK(2143)","BD","260",""
"DUNOCK(213) - DUCOCK(2143)","BD","261",""
"DUCODK(3331)","J","407",""
"DUCODK(3332)","J","408",""
"DUCODK(3333)","J","409",""
"DUCODK(3334)","J","410",""
"DUCODK(3335)","J","411",""
"DUCODK(3336)","J","421",""
"DUCODK(3337)","J","413",""
"DUCODK(3338)","J","414",""
"DUCODK(3339)","J","415",""
"DUNODK(3331)","J","418",""
"DUNODK(3332)","J","419",""
"DUNODK(3333)","J","420",""
"DUNODK(3334)","J","421",""
"DUNODK(3335)","J","422",""
"DUNODK(3336)","J","423",""
"DUNODK(3337)","J","425",""
"DUNODK(3338)","J","425",""
"DUNODK(3339)","J","426",""
"DUCOCK(3331)","AX","407",""
"DUCOCK(3332)","AX","408",""
"DUCOCK(3333)","AX","409",""
"DUCOCK(3334)","AX","410",""
"DUCOCK(3335)","AX","411",""
"DUCOCK(3336)","AX","412",""
"DUCOCK(3337)","AX","413",""
"DUCOCK(3338)","AX","414",""
"DUCOCK(3339)","AX","415",""
"DUNOCK(3331)","AX","418",""
"DUNOCK(3332)","AX","419",""
"DUNOCK(3333)","AX","420",""
"DUNOCK(3334)","AX","421",""
"DUNOCK(3335)","AX","422",""
"DUNOCK(3336)","AX","423",""
"DUNOCK(3337)","AX","424",""
"DUNOCK(3338)","AX","425",""
"DUNOCK(3339)","AX","426",""
"PhatsinhDU(3331/11) + PhatsinhDU(3331/141) + PhatsinhDU(3331/131) + PhatsinhDU(3331/138) + PhatsinhDU(3331/331) + PhatsinhDU(3331/338) + PhatsinhDU(3331/136) + PhatsinhDU(3331/336) - PhatsinhDUGiamVAT(33311/11) - PhatsinhDUGiamVAT(33311/141) - PhatsinhDUGiamVAT(33311/131) - PhatsinhDUGiamVAT(33311/138) - PhatsinhDUGiamVAT(33311/331) - PhatsinhDUGiamVAT(33311/338) - PhatsinhDUGiamVAT(33311/136) - PhatsinhDUGiamVAT(33311/336)","AJ","407",""
"PhatsinhDU(3332/11) + PhatsinhDU(3332/141) + PhatsinhDU(3332/131) + PhatsinhDU(3332/138) + PhatsinhDU(3332/331) + PhatsinhDU(3332/338) + PhatsinhDU(3332/136) + PhatsinhDU(3332/336)","AJ","408",""
"PhatsinhDU(3333/11) + PhatsinhDU(3333/141) + PhatsinhDU(3333/131) + PhatsinhDU(3333/138) + PhatsinhDU(3333/331) + PhatsinhDU(3333/338) + PhatsinhDU(3333/136) + PhatsinhDU(3333/336)","AJ","409",""
"PhatsinhDU(3334/11) + PhatsinhDU(3334/141) + PhatsinhDU(3334/131) + PhatsinhDU(3334/138) + PhatsinhDU(3334/331) + PhatsinhDU(3334/338) + PhatsinhDU(3334/136) + PhatsinhDU(3334/336)","AJ","410",""
"PhatsinhDU(3335/11) + PhatsinhDU(3335/141) + PhatsinhDU(3335/131) + PhatsinhDU(3335/138) + PhatsinhDU(3335/331) + PhatsinhDU(3335/338) + PhatsinhDU(3335/136) + PhatsinhDU(3335/336)","AJ","411",""
"PhatsinhDU(3336/11) + PhatsinhDU(3336/141) + PhatsinhDU(3336/131) + PhatsinhDU(3336/138) + PhatsinhDU(3336/331) + PhatsinhDU(3336/338) + PhatsinhDU(3336/136) + PhatsinhDU(3336/336)","AJ","412",""
"PhatsinhDU(3337/11) + PhatsinhDU(3337/141) + PhatsinhDU(3337/131) + PhatsinhDU(3337/138) + PhatsinhDU(3337/331) + PhatsinhDU(3337/338) + PhatsinhDU(3337/136) + PhatsinhDU(3337/336)","AJ","413",""
"PhatsinhDU(3338/11) + PhatsinhDU(3338/141) + PhatsinhDU(3338/131) + PhatsinhDU(3338/138) + PhatsinhDU(3338/331) + PhatsinhDU(3338/338) + PhatsinhDU(3338/136) + PhatsinhDU(3338/336)","AJ","414",""
"PhatsinhDU(3339/11) + PhatsinhDU(3339/141) + PhatsinhDU(3339/131) + PhatsinhDU(3339/138) + PhatsinhDU(3339/331) + PhatsinhDU(3339/338) + PhatsinhDU(3339/136) + PhatsinhDU(3339/336)","AJ","415",""
"PhatsinhCO(3331) - PhatsinhDU(3331/133) - PhatsinhNoGiamVAT(33311) - PhatsinhNO(33312) + PhatsinhDU(33312/11) + PhatsinhDU(33312/141) + PhatsinhDU(33312/131) + PhatsinhDU(33312/138) + PhatsinhDU(33312/331) + PhatsinhDU(33312/338) + PhatsinhDU(33312/136) + PhatsinhDU(33312/336)","X","407",""
"PhatsinhCO(3332) - PhatsinhNO(3332) + PhatsinhDU(3332/11) + PhatsinhDU(3332/141) + PhatsinhDU(3332/131) + PhatsinhDU(3332/138) + PhatsinhDU(3332/331) + PhatsinhDU(3332/338) + PhatsinhDU(3332/136) + PhatsinhDU(3332/336)","X","408",""
"PhatsinhCO(3333) - PhatsinhNO(3333) + PhatsinhDU(3333/11) + PhatsinhDU(3333/141) + PhatsinhDU(3333/131) + PhatsinhDU(3333/138) + PhatsinhDU(3333/331) + PhatsinhDU(3333/338) + PhatsinhDU(3333/136) + PhatsinhDU(3333/336)","X","409",""
"PhatsinhCO(3334) - PhatsinhNO(3334) + PhatsinhDU(3334/11) + PhatsinhDU(3334/141) + PhatsinhDU(3334/131) + PhatsinhDU(3334/138) + PhatsinhDU(3334/331) + PhatsinhDU(3334/338) + PhatsinhDU(3334/136) + PhatsinhDU(3334/336)","X","410",""
"PhatsinhCO(3335) - PhatsinhNO(3335) + PhatsinhDU(3335/11) + PhatsinhDU(3335/141) + PhatsinhDU(3335/131) + PhatsinhDU(3335/138) + PhatsinhDU(3335/331) + PhatsinhDU(3335/338) + PhatsinhDU(3335/136) + PhatsinhDU(3335/336)","X","411",""
"PhatsinhCO(3336) - PhatsinhNO(3336) + PhatsinhDU(3336/11) + PhatsinhDU(3336/141) + PhatsinhDU(3336/131) + PhatsinhDU(3336/138) + PhatsinhDU(3336/331) + PhatsinhDU(3336/338) + PhatsinhDU(3336/136) + PhatsinhDU(3336/336)","X","412",""
"PhatsinhCO(3337) - PhatsinhNO(3337) + PhatsinhDU(3337/11) + PhatsinhDU(3337/141) + PhatsinhDU(3337/131) + PhatsinhDU(3337/138) + PhatsinhDU(3337/331) + PhatsinhDU(3337/338) + PhatsinhDU(3337/136) + PhatsinhDU(3337/336)","X","413",""
"PhatsinhCO(3338) - PhatsinhNO(3338) + PhatsinhDU(3338/11) + PhatsinhDU(3338/141) + PhatsinhDU(3338/131) + PhatsinhDU(3338/138) + PhatsinhDU(3338/331) + PhatsinhDU(3338/338) + PhatsinhDU(3338/136) + PhatsinhDU(3338/336)","X","414",""
"PhatsinhCO(3339) - PhatsinhNO(3339) + PhatsinhDU(3339/11) + PhatsinhDU(3339/141) + PhatsinhDU(3339/131) + PhatsinhDU(3339/138) + PhatsinhDU(3339/331) + PhatsinhDU(3339/338) + PhatsinhDU(3339/136) + PhatsinhDU(3339/336)","X","415",""
"DUCODK_NamTruoc(4111)","D","563",""
"PhatsinhCO_NamTruoc(4111)","D","564",""
"PhatsinhNO_NamTruoc(4111)","D","567",""
"DUCODK(4111)","D","570",""
"PhatsinhCO(4111)","D","571",""
"PhatsinhNO(4111)","D","574",""
"[VI.25.a.2] + [V.22.a.10] + [V.22.a.11] + [V.22.a.12] - [V.22.a.13] - [V.22.a.14] - [V.22.a.15]","D","577",""
"DUCODK_NamTruoc(4112)","H","563",""
"PhatsinhCO_NamTruoc(4112)","H","564",""
"PhatsinhNO_NamTruoc(4112)","H","567",""
"DUCODK(4112)","H","570",""
"PhatsinhCO(4112)","H","571",""
"PhatsinhNO(4112)","H","574",""
"[VI.25.a.2] + [V.22.a.10] + [V.22.a.11] + [V.22.a.12] - [V.22.a.13] - [V.22.a.14] - [V.22.a.15]","H","577",""
"[VI.25.a.2] + [V.22.a.10] + [V.22.a.11] + [V.22.a.12] - [V.22.a.13] - [V.22.a.14] - [V.22.a.15]","P","257",""
"DUCODK_NamTruoc(4118)","U","563",""
"PhatsinhCO_NamTruoc(4118)","U","564",""
"PhatsinhNO_NamTruoc(4118)","U","567",""
"DUCODK(4118)","U","570",""
"PhatsinhCO(4118)","U","471",""
"PhatsinhNO(4118)","U","574",""
"[VI.25.a.2] + [V.22.a.10] + [V.22.a.11] + [V.22.a.12] - [V.22.a.13] - [V.22.a.14] - [V.22.a.15]","U","577",""
"DUCODK_NamTruoc(412) - DUNODK_NamTruoc(412)","AB","563",""
"PhatsinhCO_NamTruoc(412)","AB","564",""
"PhatsinhNO_NamTruoc(412)","AB","567",""
"DUCODK(412) - DUNODK(412)","AB","570",""
"PhatsinhCO(412)","AB","571",""
"PhatsinhNO(412)","AB","574",""
"[VI.25.a.2] + [V.22.a.10] + [V.22.a.11] + [V.22.a.12] - [V.22.a.13] - [V.22.a.14] - [V.22.a.15]","AB","277",""
"DUCODK_NamTruoc(413) - DUNODK_NamTruoc(413)","AH","563",""
"PhatsinhCO_NamTruoc(413)","AH","564",""
"PhatsinhNO_NamTruoc(413)","AH","570",""
"DUCODK(413) - DUNODK(413)","AH","470",""
"PhatsinhCO(413)","AH","571",""
"PhatsinhNO(413)","AH","574",""
"[VI.25.a.2] + [V.22.a.10] + [V.22.a.11] + [V.22.a.12] - [V.22.a.13] - [V.22.a.14] - [V.22.a.15]","AH","577",""
"DUCODK_NamTruoc(4111) + DUCODK_NamTruoc(4112) + DUCODK_NamTruoc(4118) + DUCODK_NamTruoc(412) - DUNODK_NamTruoc(412) + DUCODK_NamTruoc(413) - DUNODK_NamTruoc(413)","BE","563",""
"PhatsinhCO_NamTruoc(4111) + PhatsinhCO_NamTruoc(4112) + PhatsinhCO_NamTruoc(4118) + PhatsinhCO_NamTruoc(412) + PhatsinhCO_NamTruoc(413)","BE","564",""
"PhatsinhNO_NamTruoc(4111) + PhatsinhNO_NamTruoc(4112) + PhatsinhNO_NamTruoc(4118) + PhatsinhNO_NamTruoc(412) + PhatsinhNO_NamTruoc(413)","BE","567",""
"DUCODK(4111) + DUCODK(4112) + DUCODK(4118) + DUCODK(412) - DUNODK(412) + DUCODK(413) - DUNODK(413)","BE","570",""
"PhatsinhCO(4111) + PhatsinhCO(4112) + PhatsinhCO(4118) + PhatsinhCO(412) + PhatsinhCO(413)","BE","571",""
"PhatsinhNO(4111) + PhatsinhNO(4112) + PhatsinhNO(4118) + PhatsinhNO(412) + PhatsinhNO(413)","BE","574",""
"[VI.25.a.2] + [V.22.a.10] + [V.22.a.11] + [V.22.a.12] - [V.22.a.13] - [V.22.a.14] - [V.22.a.15]","BE","577",""
"DUCOCK_ChitietTheoTKvaDoituong(331)","J","392",""
"DUCODK_ChitietTheoTKvaDoituong(331)","AJ","392",""
"DUCOCK(414)","A","618",""
" - PhatsinhDU(2141/2147)","BC","225",""
"DUCOCK(3411) - DUNOCK(3411)","E","361",""
"PhatsinhCO(3411)","V","361",""
"DUCODK(3411) - DUNODK(3411)","AO","361",""
"[VI.25.a.2] + [V.22.a.10] + [V.22.a.11] + [V.22.a.12] - [V.22.a.13] - [V.22.a.14] - [V.22.a.15]","AN","577",""
"[VI.25.a.2] + [V.22.a.10] + [V.22.a.11] + [V.22.a.12] - [V.22.a.13] - [V.22.a.14] - [V.22.a.15]","AW","577",""
"[VII.8.b.1] + [VII.8.b.2]","AV","756",""
